{
	//EAB_FogSphere Fog Custom
	"FogSphereCustom": [
		{
			"Enabled": true, //You can check first item of Model.json if you have no idea with this formatting
			"DebugName": "BirtherFog_Gradual",
			"Target": {
				"Mode": "PersistentID",
				"persistentIDs": [
					36
				],
				"nameParam": "",
				"nameIgnoreCase": true
			},
			"ColorMin": {
				"r": 0.0,
				"g": 0.0,
				"b": 0.0,
				"a": 1.0
			},
			"ColorMax": {
				"r": 0.0,
				"g": 0.0,
				"b": 0.0,
				"a": 1.0
			},
			"IntensityMin": 1.0,
			"IntensityMax": 20.0,
			"RangeMin": 5.0, //How far it spread in initial spawn?
			"RangeMax": 120.0, //How far it should be spread?
			"DensityMin": 0.0,
			"DensityMax": 5.0,
			"DensityAmountMin": 0.0,
			"DensityAmountMax": 5.0,
			"Duration": 30.0
		}
	],
	"BirthingCustom": [
		{
			"Enabled": true, //Make Birther Boss spawn bullrushs!
			"DebugName": "Birthing-Bullrushs",
			"Target": {
				"Mode": "NameContains",
				"persistentIDs": [],
				"nameParam": "Birther_Boss",
				"nameIgnoreCase": true
			},
			"EnemyGroupToSpawn": 32, //Persistent ID to EnemyGroupDataBlock you want to spawn
			"ChildrenCost": 3.0, //##BasedValue: Single Enemy Cost, Check out EnemyPopulationDataBlock for get right value
			"ChildrenPerBirth": 8, //##BasedValue: Maximum Number of babies in single spawn.
			"ChildrenPerBirthMin": 4, //##BasedValue: At least this count of babies will be spawned. (If this count of babies breaks spawncap, birther won't spawn more)
			"ChildrenMax": 16, //##BasedValue: Max Childrens that can be in active at once
			"MinDelayUntilNextBirth": 1.0, //##BasedValue: Min Timer for next birth when Birther has spawned not that much babies. (in this case, if it only spawned 4)
			"MaxDelayUntilNextBirth": 14.0 //##BasedValue: Max Timer for next birth when Birther has spawned maximum babies it can done in once. (in this case, if it spawned full 8 in once)
		}
	],
	"HealthRegenCustom": [
		{
			"Enabled": true, //Health Regen Striker
			"DebugName": "Striker-Kiter",
			"Target": {
				"Mode": "NameContains",
				"persistentIDs": [],
				"nameParam": "Striker",
				"nameIgnoreCase": true
			},
			"RegenDatas": [
				{
					"RegenInterval": 1.0, //Regen Interval after regen started
					"DelayUntilRegenStart": 15.0, //Regen Delay after last damage has inflicted or spawned
					"CanDamageInterruptRegen": true, //Can Dealing damage reset the Regen Delay Timer?
					"RegenAmount": "1%", //##BasedValue: Regen Amount for each Interval
					"RegenCap": "20%" //##BasedValue: Regen Cap, Regen will stop on this health
				}
			]
		},
		{
			"Enabled": true, //Live Timer Shooter (They will start dying after 10 seconds, and will die in 2 seconds)
			"DebugName": "Long Live the Shooter",
			"Target": {
				"Mode": "NameContains",
				"persistentIDs": [],
				"nameParam": "Shooter",
				"nameIgnoreCase": true
			},
			"RegenDatas": [
				{
					"RegenInterval": 0.1, //Decay Delay
					"DelayUntilRegenStart": 10.0,
					"CanDamageInterruptRegen": false,
					"RegenAmount": "-5%", //Decay
					"RegenCap": "0%" //In a decay type regen, it works as decay cap (How below it goes)
				}
			]
		}
	],
	"InfectionAttackCustom": [
		{
			"Enabled": true, //Punch will do 2% infection, and Tentacle will do 8%
			"DebugName": "Bullrush-Spitter",
			"Target": {
				"Mode": "NameContains",
				"persistentIDs": [],
				"nameParam": "Bullrush",
				"nameIgnoreCase": true
			},
			"MeleeData": {
				"Infection": "2%", //##BasedValue: This Infection value will be applied to player, You can also use negative value for disinfection effect
				"SoundEventID": 676801566, //SoundID to play
				"UseEffect": true, //Should we use spitter/disinfection effect?
				"ScreenLiquidRange": 3.0 //How far does effect should spread?
			},
			"TentacleData": {
				"Infection": "8%",
				"SoundEventID": 676801566,
				"UseEffect": true,
				"ScreenLiquidRange": 5.0
			}
			//For Shooter Infection, Check 'Projectile.json' file
		}
	]
}