{
	//!!!!!THIS ONE IS WIP!!!!!
	"ScreamingCustom": [
		{
			"Enabled": true, //You can check first item of Model.json if you have no idea with this formatting
			"DebugName": "Scout But Hibernate",
			"Target": {
				"Mode": "NameContains",
				"persistentIDs": [],
				"nameParam": "Scout",
				"nameIgnoreCase": true
			},
			"DetectedBehaviour": "DoScoutScream",
			"ImmortalDuringScream": false
		},
		{
			"Enabled": true,
			"DebugName": "Hibernate But Scout",
			"Target": {
				"Mode": "NameContains",
				"persistentIDs": [],
				"nameParam": "Hibernate",
				"nameIgnoreCase": true
			},
			"DetectedBehaviour": "DoPropagateScream",
			"ImmortalDuringScream": false
		}
	],
	"FeelerCustom": [
		{
			"Enabled": true,
			"DebugName": "Paranoid",
			"Target": {
				"Mode": "NameContains",
				"persistentIDs": [],
				"nameParam": "Scout",
				"nameIgnoreCase": true
			},
			"TendrilCount": 50, //BasedValue:
			"TendrilAngleOffset": 0.0,
			"TendrilStepAngle": 7.2, //BasedValue: 
			"TendrilMinYSpread": -0.4, //BasedValue:
			"TendrilMaxYSpread": 0.0, //BasedValue:
			"TendrilOutTimer": 20.0, //BasedValue:

			"Distance": 15.0, //BasedValue:
			"StepDistance": 7.5, //BasedValue:
			"RetractTime": 2.0, //BasedValue:
			"RetractTimeDetected": 1.0, //BasedValue:
			"NormalColor": "black", //Color:
			"DetectColor": "red" //Color:
		}
	]
}