{
	//Cache Every Material in-game (For Material Custom)
	//Better leave it as false unless you know what you doing.
	"CacheAllMaterials": false,
	//Make every model act as Shadow
	"ShadowCustom": [
		{
			"Enabled": false, //Enable/Disable this Customization Setting
			"DebugName": "Shadow 29/30", //Debug name to use for Console Log. Also good for organize stuffs
			"Target": {
				"Mode": "PersistentID", //PersistentID, NameEquals, NameContains, Everything
				"persistentIDs": [
					29,
					30
				], //PersistentIDs for PersistentID Mode
				"nameParam": "", //NameParameter for NameEquals and NameContains Mode
				"nameIgnoreCase": false //Should we ignore case for NameContains and NameEquals? (default: false)
			},
			"IncludeEggSack": false, //WARNING: Shadow Eggsack is completely Invisible, not even a single shadow!
			"RequireTagForDetection": true
		}
	],
	//Material Customization
	"MaterialCustom": [
		{
			"Enabled": true, //Slimy RapidFire Shooter (Head)
			"DebugName": "HybridToChild",
			"Target": {
				"Mode": "NameEquals",
				"persistentIDs": [],
				"nameParam": "Shooter_Big_RapidFire",
				"nameIgnoreCase": true
			},
			"MaterialSets": [
				{
					//Head Part
					"From": "shooter_RapidFire", //Material Name that enemy originally have
					"To": "mtr_StrikerChild" //Material Name that will be changed to
				},
				{
					//Body Part
					"From": "shooter_wave",
					"To": "mtr_StrikerChild"
				}
			]
		},
		{
			"Enabled": true, //Make Charger Unoiled
			"DebugName": "UnoiledCharger",
			"Target": {
				"Mode": "NameContains",
				"persistentIDs": [],
				"nameParam": "Bullrush",
				"nameIgnoreCase": true
			},
			"MaterialSets": [
				{
					//Head Part (Kinda works)
					"From": "mtr_striker_bullrush_head",
					"To": "mtr_striker_wave"
				},
				{
					//Body Part
					"From": "mtr_striker_bullrush",
					"To": "mtr_striker_wave"
				}
			]
		},
		{
			"Enabled": true, //Make Every Shooter Oiled, Except Rapid Shooter
			"DebugName": "OiledShooter",
			"Target": {
				"Mode": "PersistentID",
				"persistentIDs": [
					26, //Hibernate
					18, //Big
					11 //Wave
				],
				"nameParam": "",
				"nameIgnoreCase": true
			},
			"MaterialSets": [
				{
					//Hibernate Shooter
					"From": "shooter_hibernate",
					"To": "mtr_striker_bullrush"
				},
				{
					//Big Shooter
					"From": "shooterBig",
					"To": "mtr_striker_bullrush"
				},
				{
					//Wave Shooter
					"From": "shooter_wave",
					"To": "mtr_striker_bullrush"
				}
			]
		},
		{
			"Enabled": true, //Make Birthers Oiled?
			"DebugName": "OiledBirther",
			"Target": {
				"Mode": "NameContains",
				"persistentIDs": [],
				"nameParam": "Birther_Boss"
			},
			"MaterialSets": [
				{
					"From": "birther",
					"To": "mtr_striker_bullrush"
				}
			]
		}
		/*
		Possible Material List (Only Enemy Materials)
		mtr_head_henk
		birther
		mtr_cocoon
		mtr_dest_arm_shtr
		mtr_dest_chest_sides
		mtr_dest_half_shtr
		mtr_dest_head_1
		mtr_hip_side
		mtr_hips_hole
		mtr_hole_shtr
		mtr_leg_shtr
		scout
		shooter
		shooterBig
		shooter_RapidFire
		shooter_hibernate
		shooter_wave
		mtr_tank
		mtr_gib_meat_trailer
		mtr_striker
		mtr_StrikerChild
		mtr_chest_hole
		mtr_chest_side_fix
		mtr_dest_arm
		mtr_dest_leg
		mtr_half
		mtr_headshot
		mtr_hip
		mtr_stomache_fix
		mtr_striker_bullrush
		mtr_striker_bullrush_head
		mtr_striker_hibernate
		mtr_striker_wave
		striker
		strikerBig
		*/
	],
	//Glow Customization (Glowing Color for enemy state)
	"GlowCustom": [
		{
			"Enabled": true,
			"DebugName": "InfectionHybrid",
			"Target": {
				"Mode": "PersistentID",
				"persistentIDs": [
					"Enemy_Shooter_Infection_Big"
				],
				"nameParam": "",
				"nameIgnoreCase": true
			},
			"DefaultColor": "black", //Color: Color when this enemy aren't glowing at all.
			"HeartbeatColor": "#86F8BD", //Color: Color for Heartbeating phase of Hibernation
			//"DetectionColor": "green", //Dont work FOR NOW
			"SelfWakeupColor": "red", //Color: Color when this enemy has awake from Hibernate by himself (sounds, detection)
			//"PropagateWakeupColor": "green", //Dont work FOR NOW
			"TentacleAttackColor": "red", //Color: Striker Tentacle Attack Glow Color
			"ShooterFireColor": "#86F8BD", //Shooter Firing Glow Color
			"PulseEffects": [ //Pulsating Effects
				{
					"Target": "Hibernate", //Which Mode you want to select?
					//Hibernate - This only works during Hibernate phase (not include scout)
					//Combat - This only works during combat phase
					//Scout - This only works during scout is patrolling
					"Duration": 1.75, //Total duration of Pulse Effect
					"GlowPattern": "04", //Pattern String for Effect
					//0~9 and f means Intensity
					//0 = 0.0
					//1 = 0.1
					//...
					//9 = 0.9
					//f = 1.0
					//+ means extend, it extend the previous intensity setting duration
					//- means delay, it does not extend previous intensity setting and just wait for next pattern
					//So "f+++0" on Duration 1.0 means...
					//Make it to full intensity for 0.8 seconds duration, and make it to zero for only 0.2 seconds.
					//And repeat
					"GlowColor": "#86F8BD", //Pulse Effect Color
					"RandomizeTime": true, //Should Time for each enemy be randomized? (useful for hibernating enemies having different glow timing)
					"KeepOnDead": false, //Should Effect continue even if enemy has died?
					"AlwaysPulse": false //Preventing Glowing Effects (Striker Tentacle, Shooter Firing, Scout Screaming, etc) temporary stop the pulse effect?
				},
				{
					"Target": "Combat",
					"Duration": 5.0,
					"GlowPattern": "0+6+0+6+060606",
					"GlowColor": "#86F8BD",
					"RandomizeTime": true,
					"KeepOnDead": false,
					"AlwaysPulse": false
				}
			]
		}
	],
	//Limb Customization (BodyPart HealthInfo)
	"LimbCustom": [
		{
			"Enabled": true, //Make Birther's head be Weakspot (x10)
			"DebugName": "Birther-MoreLimbs",
			"Target": {
				"Mode": "NameContains",
				"persistentIDs": [],
				"nameParam": "Birther",
				"nameIgnoreCase": true
			},
			"Limbs": [
				{
					"LimbName": "All", //If you use All for LimbName, it will applied to every bodypart that isn't explicitly wrote
					"LimbType": "Normal",
					//LimbType:
					//Normal - Mark this bodypart as Normal, uses 1.0x multi
					//Weakspot - Mark this bodypart as WeakSpot, uses WeakspotDamageMulti from EnemyDataBlock
					//WeakspotCustom - Mark this bodypart as Weakspot, uses CustomMulti value from this config
					//Armor - Mark this bodypart as Armor, uses ArmorDamageMulti from EnemyDataBlock
					//ArmorCustom - Mark this bodypart as Armor, uses CustomMulti value from this config
					"CustomMulti": 1.0,
					"Health": "Unchanged"
				},
				{
					"LimbName": "Head", //Head, Each body part name can be found in Console Debug Log
					"LimbType": "WeakspotCustom",
					"CustomMulti": 10.0, //Headshot her will now do x10 damage
					"Health": "Unchanged" //##BasedValue (Based on original limb health): Health for this Limb
				},
				{
					"LimbName": "EggSack(Clone)",
					"LimbType": "Weakspot", //Set EggSack to use normal Weakspot Multiplier
					"CustomMulti": 1.0,
					"Health": "Unchanged"
				}
			]
		}
	],
	"ModelRefCustom": [
		{
			"Enabled": true,
			"DebugName": "Shooter-FireFromChest",
			"Target": {
				"Mode": "NameContains",
				"persistentIDs": [],
				"nameParam": "Shooter",
				"nameIgnoreCase": true
			},
			"ModelRefs": [
				{
					"Type": "ShooterFire",
					/*
					Possible Value for "Type" and "CopyFrom"
					None - Only for "CopyFrom", No Base ModelRef You should use "CopyFromPath" to specify the parent body part you want to use it for this ModelRef
					Tentacle - Default Striker Tentacle
					Tentacle2 - Tank Tentacle 2
					Tentacle3 - Tank Tentacle 3
					TentacleNoHead - Use this position for tentacle when head is gone
					TentacleNoCheat - Use this position for tentacle when chest is gone
					ShooterFire - Shooter Firing Position
					ScoutFeeler - Scout Feeler Spawn Position
					BioMarker - Bio Ping Marker Spawn Position
					*/
					"CopyFrom": "BioMarker", //
					"CopyFromPath": "", //GameObject Path for "CopyFrom": "None", You can use UnityExplorer to find them
					"Offset": { //Position Offset for this ModelRef
						"x": 0.0,
						"y": 0.0,
						"z": 0.0
					},
					"RotateOffset": { //Rotation Offset for this ModelRef
						"x": 0.0,
						"y": 0.0,
						"z": 0.0
					}
				},
				{
					"Type": "BioMarker",
					"CopyFrom": "ShooterFire", //Mention that every ModelRef stay within this config, so this position is still head
					"CopyFromPath": "",
					"Offset": {
						"x": 0.0,
						"y": 0.0,
						"z": 0.0
					},
					"RotateOffset": {
						"x": 0.0,
						"y": 0.0,
						"z": 0.0
					}
				}
			]
		}
	],
	"MarkerCustom": [
		{
			"Enabled": true,
			"DebugName": "Shadow",
			"Target": {
				"Mode": "NameContains",
				"persistentIDs": [],
				"nameParam": "Shadow",
				"nameIgnoreCase": true
			},
			"SpriteName": "marker_shadow.png", //FileName for icon, Leave it as blank if you want default sprite, image files should placed in ExtraEnemyCustomization/icons folder
			"MarkerColor": "#d22f1e", //Color for Marker: Official one is #d22f1e
			"BlinkIn": true, //Use Blink Effect when first spawned?
			"Blink": true, //Use Random Blink Effect?
			"BlinkDuration": 7.0, //How long should Random Blink effect work?
			"BlinkMinDelay": 0.5, //Minimum delay for Random Blink
			"BlinkMaxDelay": 2.0 //Maximum delay for Random Blink
		},
		{
			"Enabled": true,
			"DebugName": "Scout",
			"Target": {
				"Mode": "NameContains",
				"persistentIDs": [],
				"nameParam": "Scout",
				"nameIgnoreCase": true
			},
			"SpriteName": "marker_overload.png",
			"MarkerColor": "#F08080",
			"BlinkIn": true,
			"Blink": true,
			"BlinkDuration": 60.0,
			"BlinkMinDelay": 9.0,
			"BlinkMaxDelay": 18.0
		},
		{
			"Enabled": true,
			"DebugName": "BigShadow",
			"Target": {
				"Mode": "NameContains",
				"persistentIDs": [],
				"nameParam": "Big_Shadow",
				"nameIgnoreCase": true
			},
			"SpriteName": "marker_shadow_big.png",
			"MarkerColor": "red",
			"BlinkIn": true,
			"Blink": true,
			"BlinkDuration": 60.0,
			"BlinkMinDelay": 1.5,
			"BlinkMaxDelay": 5.0
		}
	]
}